1,Bas
2,Bas+Emiel
3,Bas+Emiel+Pape
4,Bas+Emiel+Roel
5,Bas+Emiel+Sander
6,Bas+Emiel+Sebas
7,Bas+Emiel+Toine
8,Bas+Roel
9,Bas+Roel+Sander
10,Bas+Roel+Sebas
11,Bas+Roel+Toine
12,Bas+Sander
13,Bas+Sander+Sebas
14,Bas+Sander+Toine
15,Bas+Sebas
16,Bas+Sebas+Toine
17,Bas+Toine
18,Emiel
19,Emiel+Roel
20,Emiel+Roel+Sander
21,Emiel+Roel+Sebas
22,Emiel+Roel+Toine
23,Emiel+Sander
24,Emiel+Sander+Sebas
25,Emiel+Sander+Toine
26,Emiel+Sebas
27,Emiel+Sebas+Toine
28,Emiel+Toine
29,Pape+Sander
30,Roel
31,Roel+Sander
32,Roel+Sander+Sebas
33,Roel+Sander+Toine
34,Roel+Sebas
35,Roel+Sebas+Toine
36,Roel+Toine
37,Sander
38,Sander+Sebas
39,Sander+Sebas+Toine
40,Sander+Toine
41,Sebas
42,Sebas+Toine
43,Toine
